system:index,area,band,class,class_name,.geo
0_0_0,71.99326192352135,classification_1985,3,Forest Formation,"{""type"":""MultiPoint"",""coordinates"":[]}"
0_0_1,4.888204592590321,classification_1985,4,Savanna Formation,"{""type"":""MultiPoint"",""coordinates"":[]}"
0_0_2,3.1103119774169725,classification_1985,9,Forest Plantation,"{""type"":""MultiPoint"",""coordinates"":[]}"
0_0_3,2.3819634412841775,classification_1985,11,Wetland,"{""type"":""MultiPoint"",""coordinates"":[]}"
0_0_4,0.46889471789550763,classification_1985,12,"Grassland (Pastizal, Formación Herbácea)","{""type"":""MultiPoint"",""coordinates"":[]}"
0_0_5,149.73223692151316,classification_1985,15,Pasture,"{""type"":""MultiPoint"",""coordinates"":[]}"
0_0_6,75.27949077429254,classification_1985,20,Sugar Cane,"{""type"":""MultiPoint"",""coordinates"":[]}"
0_0_7,152.34546566639239,classification_1985,21,Mosaic of Agriculture and Pasture,"{""type"":""MultiPoint"",""coordinates"":[]}"
0_0_8,32.35081202648966,classification_1985,24,Urban Infrastructure,"{""type"":""MultiPoint"",""coordinates"":[]}"
0_0_9,2.675305309082034,classification_1985,25,Other Non Vegetated Area,"{""type"":""MultiPoint"",""coordinates"":[]}"
0_0_10,0.39056945257568254,classification_1985,30,Mining,"{""type"":""MultiPoint"",""coordinates"":[]}"
0_0_11,2.0064382565307617,classification_1985,33,"River, Lake and Ocean","{""type"":""MultiPoint"",""coordinates"":[]}"
0_0_12,0.3874636140747069,classification_1985,41,Mosaic of Crops,"{""type"":""MultiPoint"",""coordinates"":[]}"
0_0_13,0.05798842590332029,classification_1985,46,Coffe,"{""type"":""MultiPoint"",""coordinates"":[]}"
0_0_14,0.34466547283935506,classification_1985,47,Citrus,"{""type"":""MultiPoint"",""coordinates"":[]}"
1_0_0,73.25336973858555,classification_1986,3,Forest Formation,"{""type"":""MultiPoint"",""coordinates"":[]}"
1_0_1,5.1699071511840895,classification_1986,4,Savanna Formation,"{""type"":""MultiPoint"",""coordinates"":[]}"
1_0_2,3.1177491567382627,classification_1986,9,Forest Plantation,"{""type"":""MultiPoint"",""coordinates"":[]}"
1_0_3,2.3173337667236344,classification_1986,11,Wetland,"{""type"":""MultiPoint"",""coordinates"":[]}"
1_0_4,0.43493321600341783,classification_1986,12,"Grassland (Pastizal, Formación Herbácea)","{""type"":""MultiPoint"",""coordinates"":[]}"
1_0_5,147.47580182513718,classification_1986,15,Pasture,"{""type"":""MultiPoint"",""coordinates"":[]}"
1_0_6,75.63641433557154,classification_1986,20,Sugar Cane,"{""type"":""MultiPoint"",""coordinates"":[]}"
1_0_7,151.52446881189803,classification_1986,21,Mosaic of Agriculture and Pasture,"{""type"":""MultiPoint"",""coordinates"":[]}"
1_0_8,34.182768186279745,classification_1986,24,Urban Infrastructure,"{""type"":""MultiPoint"",""coordinates"":[]}"
1_0_9,2.1447182163085983,classification_1986,25,Other Non Vegetated Area,"{""type"":""MultiPoint"",""coordinates"":[]}"
1_0_10,0.3938809464111317,classification_1986,30,Mining,"{""type"":""MultiPoint"",""coordinates"":[]}"
1_0_11,1.948425197326659,classification_1986,33,"River, Lake and Ocean","{""type"":""MultiPoint"",""coordinates"":[]}"
1_0_12,0.41064812548828106,classification_1986,41,Mosaic of Crops,"{""type"":""MultiPoint"",""coordinates"":[]}"
1_0_13,0.05798842590332029,classification_1986,46,Coffe,"{""type"":""MultiPoint"",""coordinates"":[]}"
1_0_14,0.34466547283935506,classification_1986,47,Citrus,"{""type"":""MultiPoint"",""coordinates"":[]}"
2_0_0,72.02979237731816,classification_1987,3,Forest Formation,"{""type"":""MultiPoint"",""coordinates"":[]}"
2_0_1,5.275944782043504,classification_1987,4,Savanna Formation,"{""type"":""MultiPoint"",""coordinates"":[]}"
2_0_2,4.004761150390607,classification_1987,9,Forest Plantation,"{""type"":""MultiPoint"",""coordinates"":[]}"
2_0_3,2.123457634887693,classification_1987,11,Wetland,"{""type"":""MultiPoint"",""coordinates"":[]}"
2_0_4,0.42664968072509757,classification_1987,12,"Grassland (Pastizal, Formación Herbácea)","{""type"":""MultiPoint"",""coordinates"":[]}"
2_0_5,150.03889805987902,classification_1987,15,Pasture,"{""type"":""MultiPoint"",""coordinates"":[]}"
2_0_6,76.44996127117948,classification_1987,20,Sugar Cane,"{""type"":""MultiPoint"",""coordinates"":[]}"
2_0_7,147.3686088341778,classification_1987,21,Mosaic of Agriculture and Pasture,"{""type"":""MultiPoint"",""coordinates"":[]}"
2_0_8,35.26938449151654,classification_1987,24,Urban Infrastructure,"{""type"":""MultiPoint"",""coordinates"":[]}"
2_0_9,1.8400287482299849,classification_1987,25,Other Non Vegetated Area,"{""type"":""MultiPoint"",""coordinates"":[]}"
2_0_10,0.4013290571899403,classification_1987,30,Mining,"{""type"":""MultiPoint"",""coordinates"":[]}"
2_0_11,1.9187296008911123,classification_1987,33,"River, Lake and Ocean","{""type"":""MultiPoint"",""coordinates"":[]}"
2_0_12,0.9316297604370145,classification_1987,41,Mosaic of Crops,"{""type"":""MultiPoint"",""coordinates"":[]}"
2_0_13,0.056342021362304665,classification_1987,46,Coffe,"{""type"":""MultiPoint"",""coordinates"":[]}"
2_0_14,0.27755510217285195,classification_1987,47,Citrus,"{""type"":""MultiPoint"",""coordinates"":[]}"
3_0_0,65.74960364001164,classification_1988,3,Forest Formation,"{""type"":""MultiPoint"",""coordinates"":[]}"
3_0_1,5.462355458740274,classification_1988,4,Savanna Formation,"{""type"":""MultiPoint"",""coordinates"":[]}"
3_0_2,7.27894937933342,classification_1988,9,Forest Plantation,"{""type"":""MultiPoint"",""coordinates"":[]}"
3_0_3,1.996693426086428,classification_1988,11,Wetland,"{""type"":""MultiPoint"",""coordinates"":[]}"
3_0_4,0.394341061645508,classification_1988,12,"Grassland (Pastizal, Formación Herbácea)","{""type"":""MultiPoint"",""coordinates"":[]}"
3_0_5,153.5406658198924,classification_1988,15,Pasture,"{""type"":""MultiPoint"",""coordinates"":[]}"
3_0_6,76.09852739898663,classification_1988,20,Sugar Cane,"{""type"":""MultiPoint"",""coordinates"":[]}"
3_0_7,145.60119379944913,classification_1988,21,Mosaic of Agriculture and Pasture,"{""type"":""MultiPoint"",""coordinates"":[]}"
3_0_8,36.26072466095041,classification_1988,24,Urban Infrastructure,"{""type"":""MultiPoint"",""coordinates"":[]}"
3_0_9,1.8440888513793985,classification_1988,25,Other Non Vegetated Area,"{""type"":""MultiPoint"",""coordinates"":[]}"
3_0_10,0.407122198120116,classification_1988,30,Mining,"{""type"":""MultiPoint"",""coordinates"":[]}"
3_0_11,2.2027027655639713,classification_1988,33,"River, Lake and Ocean","{""type"":""MultiPoint"",""coordinates"":[]}"
3_0_12,1.2413784275512703,classification_1988,41,Mosaic of Crops,"{""type"":""MultiPoint"",""coordinates"":[]}"
3_0_13,0.05717058251953123,classification_1988,46,Coffe,"{""type"":""MultiPoint"",""coordinates"":[]}"
3_0_14,0.27755510217285195,classification_1988,47,Citrus,"{""type"":""MultiPoint"",""coordinates"":[]}"
4_0_0,64.15182962969607,classification_1989,3,Forest Formation,"{""type"":""MultiPoint"",""coordinates"":[]}"
4_0_1,5.661208056457598,classification_1989,4,Savanna Formation,"{""type"":""MultiPoint"",""coordinates"":[]}"
4_0_2,6.751405927246046,classification_1989,9,Forest Plantation,"{""type"":""MultiPoint"",""coordinates"":[]}"
4_0_3,1.8359549184570292,classification_1989,11,Wetland,"{""type"":""MultiPoint"",""coordinates"":[]}"
4_0_4,0.41256543652343736,classification_1989,12,"Grassland (Pastizal, Formación Herbácea)","{""type"":""MultiPoint"",""coordinates"":[]}"
4_0_5,154.5483367573265,classification_1989,15,Pasture,"{""type"":""MultiPoint"",""coordinates"":[]}"
4_0_6,76.31295168194605,classification_1989,20,Sugar Cane,"{""type"":""MultiPoint"",""coordinates"":[]}"
4_0_7,145.56899883387095,classification_1989,21,Mosaic of Agriculture and Pasture,"{""type"":""MultiPoint"",""coordinates"":[]}"
4_0_8,36.780775010742296,classification_1989,24,Urban Infrastructure,"{""type"":""MultiPoint"",""coordinates"":[]}"
4_0_9,1.7820547084350584,classification_1989,25,Other Non Vegetated Area,"{""type"":""MultiPoint"",""coordinates"":[]}"
4_0_10,0.28467086920165957,classification_1989,30,Mining,"{""type"":""MultiPoint"",""coordinates"":[]}"
4_0_11,2.227533822509772,classification_1989,33,"River, Lake and Ocean","{""type"":""MultiPoint"",""coordinates"":[]}"
4_0_12,1.7774608372802756,classification_1989,41,Mosaic of Crops,"{""type"":""MultiPoint"",""coordinates"":[]}"
4_0_13,0.039770980529785165,classification_1989,46,Coffe,"{""type"":""MultiPoint"",""coordinates"":[]}"
4_0_14,0.27755510217285195,classification_1989,47,Citrus,"{""type"":""MultiPoint"",""coordinates"":[]}"
5_0_0,66.00959548840088,classification_1990,3,Forest Formation,"{""type"":""MultiPoint"",""coordinates"":[]}"
5_0_1,5.541901276611376,classification_1990,4,Savanna Formation,"{""type"":""MultiPoint"",""coordinates"":[]}"
5_0_2,3.8745235953368735,classification_1990,9,Forest Plantation,"{""type"":""MultiPoint"",""coordinates"":[]}"
5_0_3,1.7845894456787101,classification_1990,11,Wetland,"{""type"":""MultiPoint"",""coordinates"":[]}"
5_0_4,0.46061651763916,classification_1990,12,"Grassland (Pastizal, Formación Herbácea)","{""type"":""MultiPoint"",""coordinates"":[]}"
5_0_5,151.3302763580413,classification_1990,15,Pasture,"{""type"":""MultiPoint"",""coordinates"":[]}"
5_0_6,75.73235787896827,classification_1990,20,Sugar Cane,"{""type"":""MultiPoint"",""coordinates"":[]}"
5_0_7,148.67825797425184,classification_1990,21,Mosaic of Agriculture and Pasture,"{""type"":""MultiPoint"",""coordinates"":[]}"
5_0_8,37.87224492114371,classification_1990,24,Urban Infrastructure,"{""type"":""MultiPoint"",""coordinates"":[]}"
5_0_9,2.1919209123535155,classification_1990,25,Other Non Vegetated Area,"{""type"":""MultiPoint"",""coordinates"":[]}"
5_0_10,0.24247435272216786,classification_1990,30,Mining,"{""type"":""MultiPoint"",""coordinates"":[]}"
5_0_11,2.1207480557861342,classification_1990,33,"River, Lake and Ocean","{""type"":""MultiPoint"",""coordinates"":[]}"
5_0_12,2.291870026733401,classification_1990,41,Mosaic of Crops,"{""type"":""MultiPoint"",""coordinates"":[]}"
5_0_13,0.0041406665649414065,classification_1990,46,Coffe,"{""type"":""MultiPoint"",""coordinates"":[]}"
5_0_14,0.27755510217285195,classification_1990,47,Citrus,"{""type"":""MultiPoint"",""coordinates"":[]}"
6_0_0,63.616701224790035,classification_1991,3,Forest Formation,"{""type"":""MultiPoint"",""coordinates"":[]}"
6_0_1,5.565927800476129,classification_1991,4,Savanna Formation,"{""type"":""MultiPoint"",""coordinates"":[]}"
6_0_2,4.30270231622309,classification_1991,9,Forest Plantation,"{""type"":""MultiPoint"",""coordinates"":[]}"
6_0_3,1.815248957519532,classification_1991,11,Wetland,"{""type"":""MultiPoint"",""coordinates"":[]}"
6_0_4,0.4904448048095701,classification_1991,12,"Grassland (Pastizal, Formación Herbácea)","{""type"":""MultiPoint"",""coordinates"":[]}"
6_0_5,146.8150119599022,classification_1991,15,Pasture,"{""type"":""MultiPoint"",""coordinates"":[]}"
6_0_6,77.97400996667622,classification_1991,20,Sugar Cane,"{""type"":""MultiPoint"",""coordinates"":[]}"
6_0_7,151.5516579945753,classification_1991,21,Mosaic of Agriculture and Pasture,"{""type"":""MultiPoint"",""coordinates"":[]}"
6_0_8,38.480070815186885,classification_1991,24,Urban Infrastructure,"{""type"":""MultiPoint"",""coordinates"":[]}"
6_0_9,2.161292514892578,classification_1991,25,Other Non Vegetated Area,"{""type"":""MultiPoint"",""coordinates"":[]}"
6_0_10,0.28219029675292906,classification_1991,30,Mining,"{""type"":""MultiPoint"",""coordinates"":[]}"
6_0_11,2.220185855102542,classification_1991,33,"River, Lake and Ocean","{""type"":""MultiPoint"",""coordinates"":[]}"
6_0_12,2.8534470751953185,classification_1991,41,Mosaic of Crops,"{""type"":""MultiPoint"",""coordinates"":[]}"
6_0_13,0.004968797058105469,classification_1991,46,Coffe,"{""type"":""MultiPoint"",""coordinates"":[]}"
6_0_14,0.27921219323730506,classification_1991,47,Citrus,"{""type"":""MultiPoint"",""coordinates"":[]}"
7_0_0,64.56294606011724,classification_1992,3,Forest Formation,"{""type"":""MultiPoint"",""coordinates"":[]}"
7_0_1,5.567575372802796,classification_1992,4,Savanna Formation,"{""type"":""MultiPoint"",""coordinates"":[]}"
7_0_2,4.1850960230102,classification_1992,9,Forest Plantation,"{""type"":""MultiPoint"",""coordinates"":[]}"
7_0_3,1.79619627850342,classification_1992,11,Wetland,"{""type"":""MultiPoint"",""coordinates"":[]}"
7_0_4,0.5418077294311514,classification_1992,12,"Grassland (Pastizal, Formación Herbácea)","{""type"":""MultiPoint"",""coordinates"":[]}"
7_0_5,145.695786003484,classification_1992,15,Pasture,"{""type"":""MultiPoint"",""coordinates"":[]}"
7_0_6,79.31945481671292,classification_1992,20,Sugar Cane,"{""type"":""MultiPoint"",""coordinates"":[]}"
7_0_7,150.41837756489133,classification_1992,21,Mosaic of Agriculture and Pasture,"{""type"":""MultiPoint"",""coordinates"":[]}"
7_0_8,38.857695706849455,classification_1992,24,Urban Infrastructure,"{""type"":""MultiPoint"",""coordinates"":[]}"
7_0_9,2.070077926696782,classification_1992,25,Other Non Vegetated Area,"{""type"":""MultiPoint"",""coordinates"":[]}"
7_0_10,0.29377471606445243,classification_1992,30,Mining,"{""type"":""MultiPoint"",""coordinates"":[]}"
7_0_11,2.328531282836922,classification_1992,33,"River, Lake and Ocean","{""type"":""MultiPoint"",""coordinates"":[]}"
7_0_12,2.4932291917724645,classification_1992,41,Mosaic of Crops,"{""type"":""MultiPoint"",""coordinates"":[]}"
7_0_13,0.004968797058105469,classification_1992,46,Coffe,"{""type"":""MultiPoint"",""coordinates"":[]}"
7_0_14,0.27755510217285195,classification_1992,47,Citrus,"{""type"":""MultiPoint"",""coordinates"":[]}"
8_0_0,66.51237692602228,classification_1993,3,Forest Formation,"{""type"":""MultiPoint"",""coordinates"":[]}"
8_0_1,5.6048543809204805,classification_1993,4,Savanna Formation,"{""type"":""MultiPoint"",""coordinates"":[]}"
8_0_2,4.043472102477973,classification_1993,9,Forest Plantation,"{""type"":""MultiPoint"",""coordinates"":[]}"
8_0_3,1.761402259582523,classification_1993,11,Wetland,"{""type"":""MultiPoint"",""coordinates"":[]}"
8_0_4,0.5169540566406243,classification_1993,12,"Grassland (Pastizal, Formación Herbácea)","{""type"":""MultiPoint"",""coordinates"":[]}"
8_0_5,143.71380853192366,classification_1993,15,Pasture,"{""type"":""MultiPoint"",""coordinates"":[]}"
8_0_6,83.89514037121941,classification_1993,20,Sugar Cane,"{""type"":""MultiPoint"",""coordinates"":[]}"
8_0_7,145.67659190973365,classification_1993,21,Mosaic of Agriculture and Pasture,"{""type"":""MultiPoint"",""coordinates"":[]}"
8_0_8,39.62784966180532,classification_1993,24,Urban Infrastructure,"{""type"":""MultiPoint"",""coordinates"":[]}"
8_0_9,2.036104767395023,classification_1993,25,Other Non Vegetated Area,"{""type"":""MultiPoint"",""coordinates"":[]}"
8_0_10,0.3574832979736317,classification_1993,30,Mining,"{""type"":""MultiPoint"",""coordinates"":[]}"
8_0_11,2.386510832885753,classification_1993,33,"River, Lake and Ocean","{""type"":""MultiPoint"",""coordinates"":[]}"
8_0_12,2.002139832336427,classification_1993,41,Mosaic of Crops,"{""type"":""MultiPoint"",""coordinates"":[]}"
8_0_13,0.27838364147949257,classification_1993,47,Citrus,"{""type"":""MultiPoint"",""coordinates"":[]}"
9_0_0,67.46594536822218,classification_1994,3,Forest Formation,"{""type"":""MultiPoint"",""coordinates"":[]}"
9_0_1,5.221252376586921,classification_1994,4,Savanna Formation,"{""type"":""MultiPoint"",""coordinates"":[]}"
9_0_2,4.184258085998491,classification_1994,9,Forest Plantation,"{""type"":""MultiPoint"",""coordinates"":[]}"
9_0_3,1.7995130689086962,classification_1994,11,Wetland,"{""type"":""MultiPoint"",""coordinates"":[]}"
9_0_4,0.509496829528808,classification_1994,12,"Grassland (Pastizal, Formación Herbácea)","{""type"":""MultiPoint"",""coordinates"":[]}"
9_0_5,140.59491251629794,classification_1994,15,Pasture,"{""type"":""MultiPoint"",""coordinates"":[]}"
9_0_6,86.36407678808781,classification_1994,20,Sugar Cane,"{""type"":""MultiPoint"",""coordinates"":[]}"
9_0_7,146.5848986489919,classification_1994,21,Mosaic of Agriculture and Pasture,"{""type"":""MultiPoint"",""coordinates"":[]}"
9_0_8,39.76282988836765,classification_1994,24,Urban Infrastructure,"{""type"":""MultiPoint"",""coordinates"":[]}"
9_0_9,1.7719666611938545,classification_1994,25,Other Non Vegetated Area,"{""type"":""MultiPoint"",""coordinates"":[]}"
9_0_10,0.4294665264892568,classification_1994,30,Mining,"{""type"":""MultiPoint"",""coordinates"":[]}"
9_0_11,2.1587845816650413,classification_1994,33,"River, Lake and Ocean","{""type"":""MultiPoint"",""coordinates"":[]}"
9_0_12,1.242537483337403,classification_1994,41,Mosaic of Crops,"{""type"":""MultiPoint"",""coordinates"":[]}"
9_0_13,0.3231337487182624,classification_1994,47,Citrus,"{""type"":""MultiPoint"",""coordinates"":[]}"
10_0_0,68.17326283678966,classification_1995,3,Forest Formation,"{""type"":""MultiPoint"",""coordinates"":[]}"
10_0_1,5.133437536621102,classification_1995,4,Savanna Formation,"{""type"":""MultiPoint"",""coordinates"":[]}"
10_0_2,3.860483515747031,classification_1995,9,Forest Plantation,"{""type"":""MultiPoint"",""coordinates"":[]}"
10_0_3,1.7862559687500024,classification_1995,11,Wetland,"{""type"":""MultiPoint"",""coordinates"":[]}"
10_0_4,0.5003831182861324,classification_1995,12,"Grassland (Pastizal, Formación Herbácea)","{""type"":""MultiPoint"",""coordinates"":[]}"
10_0_5,134.98705764654392,classification_1995,15,Pasture,"{""type"":""MultiPoint"",""coordinates"":[]}"
10_0_6,86.19741031946023,classification_1995,20,Sugar Cane,"{""type"":""MultiPoint"",""coordinates"":[]}"
10_0_7,151.5299416798791,classification_1995,21,Mosaic of Agriculture and Pasture,"{""type"":""MultiPoint"",""coordinates"":[]}"
10_0_8,40.56862227349979,classification_1995,24,Urban Infrastructure,"{""type"":""MultiPoint"",""coordinates"":[]}"
10_0_9,1.7115228842773476,classification_1995,25,Other Non Vegetated Area,"{""type"":""MultiPoint"",""coordinates"":[]}"
10_0_10,0.5676458132934573,classification_1995,30,Mining,"{""type"":""MultiPoint"",""coordinates"":[]}"
10_0_11,2.3236069989013752,classification_1995,33,"River, Lake and Ocean","{""type"":""MultiPoint"",""coordinates"":[]}"
10_0_12,0.7503076892700166,classification_1995,41,Mosaic of Crops,"{""type"":""MultiPoint"",""coordinates"":[]}"
10_0_13,0.32313429107666086,classification_1995,47,Citrus,"{""type"":""MultiPoint"",""coordinates"":[]}"
11_0_0,70.28533045190176,classification_1996,3,Forest Formation,"{""type"":""MultiPoint"",""coordinates"":[]}"
11_0_1,5.103611601562519,classification_1996,4,Savanna Formation,"{""type"":""MultiPoint"",""coordinates"":[]}"
11_0_2,3.7652617147216367,classification_1996,9,Forest Plantation,"{""type"":""MultiPoint"",""coordinates"":[]}"
11_0_3,1.6984324154052781,classification_1996,11,Wetland,"{""type"":""MultiPoint"",""coordinates"":[]}"
11_0_4,0.5036936642456051,classification_1996,12,"Grassland (Pastizal, Formación Herbácea)","{""type"":""MultiPoint"",""coordinates"":[]}"
11_0_5,129.06606614483647,classification_1996,15,Pasture,"{""type"":""MultiPoint"",""coordinates"":[]}"
11_0_6,85.51597934100661,classification_1996,20,Sugar Cane,"{""type"":""MultiPoint"",""coordinates"":[]}"
11_0_7,155.6996924159031,classification_1996,21,Mosaic of Agriculture and Pasture,"{""type"":""MultiPoint"",""coordinates"":[]}"
11_0_8,40.93051067804076,classification_1996,24,Urban Infrastructure,"{""type"":""MultiPoint"",""coordinates"":[]}"
11_0_9,1.604686869750981,classification_1996,25,Other Non Vegetated Area,"{""type"":""MultiPoint"",""coordinates"":[]}"
11_0_10,0.7116539680175775,classification_1996,30,Mining,"{""type"":""MultiPoint"",""coordinates"":[]}"
11_0_11,2.287201508483887,classification_1996,33,"River, Lake and Ocean","{""type"":""MultiPoint"",""coordinates"":[]}"
11_0_12,0.9169889963378894,classification_1996,41,Mosaic of Crops,"{""type"":""MultiPoint"",""coordinates"":[]}"
11_0_13,0.3239628021850593,classification_1996,47,Citrus,"{""type"":""MultiPoint"",""coordinates"":[]}"
12_0_0,69.14908070678405,classification_1997,3,Forest Formation,"{""type"":""MultiPoint"",""coordinates"":[]}"
12_0_1,4.926270641479505,classification_1997,4,Savanna Formation,"{""type"":""MultiPoint"",""coordinates"":[]}"
12_0_2,3.74125394165035,classification_1997,9,Forest Plantation,"{""type"":""MultiPoint"",""coordinates"":[]}"
12_0_3,1.676057898925784,classification_1997,11,Wetland,"{""type"":""MultiPoint"",""coordinates"":[]}"
12_0_4,0.5210774575805664,classification_1997,12,"Grassland (Pastizal, Formación Herbácea)","{""type"":""MultiPoint"",""coordinates"":[]}"
12_0_5,124.81424585271733,classification_1997,15,Pasture,"{""type"":""MultiPoint"",""coordinates"":[]}"
12_0_6,83.24232369928225,classification_1997,20,Sugar Cane,"{""type"":""MultiPoint"",""coordinates"":[]}"
12_0_7,162.64617992017568,classification_1997,21,Mosaic of Agriculture and Pasture,"{""type"":""MultiPoint"",""coordinates"":[]}"
12_0_8,41.39009766571159,classification_1997,24,Urban Infrastructure,"{""type"":""MultiPoint"",""coordinates"":[]}"
12_0_9,1.5385682268676772,classification_1997,25,Other Non Vegetated Area,"{""type"":""MultiPoint"",""coordinates"":[]}"
12_0_10,0.830826806335449,classification_1997,30,Mining,"{""type"":""MultiPoint"",""coordinates"":[]}"
12_0_11,2.7342088931274473,classification_1997,33,"River, Lake and Ocean","{""type"":""MultiPoint"",""coordinates"":[]}"
12_0_12,0.8797465706787115,classification_1997,41,Mosaic of Crops,"{""type"":""MultiPoint"",""coordinates"":[]}"
12_0_13,0.32313429107666086,classification_1997,47,Citrus,"{""type"":""MultiPoint"",""coordinates"":[]}"
13_0_0,68.45227987359304,classification_1998,3,Forest Formation,"{""type"":""MultiPoint"",""coordinates"":[]}"
13_0_1,4.923777032531749,classification_1998,4,Savanna Formation,"{""type"":""MultiPoint"",""coordinates"":[]}"
13_0_2,3.928395995666474,classification_1998,9,Forest Plantation,"{""type"":""MultiPoint"",""coordinates"":[]}"
13_0_3,1.6603192471313497,classification_1998,11,Wetland,"{""type"":""MultiPoint"",""coordinates"":[]}"
13_0_4,0.5252150857543951,classification_1998,12,"Grassland (Pastizal, Formación Herbácea)","{""type"":""MultiPoint"",""coordinates"":[]}"
13_0_5,120.77098525780174,classification_1998,15,Pasture,"{""type"":""MultiPoint"",""coordinates"":[]}"
13_0_6,84.80273819195698,classification_1998,20,Sugar Cane,"{""type"":""MultiPoint"",""coordinates"":[]}"
13_0_7,165.11071506537795,classification_1998,21,Mosaic of Agriculture and Pasture,"{""type"":""MultiPoint"",""coordinates"":[]}"
13_0_8,41.48946894274993,classification_1998,24,Urban Infrastructure,"{""type"":""MultiPoint"",""coordinates"":[]}"
13_0_9,1.7503948709106465,classification_1998,25,Other Non Vegetated Area,"{""type"":""MultiPoint"",""coordinates"":[]}"
13_0_10,0.9640386557617179,classification_1998,30,Mining,"{""type"":""MultiPoint"",""coordinates"":[]}"
13_0_11,2.9825496888427843,classification_1998,33,"River, Lake and Ocean","{""type"":""MultiPoint"",""coordinates"":[]}"
13_0_12,0.7290603732299807,classification_1998,41,Mosaic of Crops,"{""type"":""MultiPoint"",""coordinates"":[]}"
13_0_13,0.32313429107666086,classification_1998,47,Citrus,"{""type"":""MultiPoint"",""coordinates"":[]}"
14_0_0,69.62028712609609,classification_1999,3,Forest Formation,"{""type"":""MultiPoint"",""coordinates"":[]}"
14_0_1,4.999997759277358,classification_1999,4,Savanna Formation,"{""type"":""MultiPoint"",""coordinates"":[]}"
14_0_2,4.175965009155252,classification_1999,9,Forest Plantation,"{""type"":""MultiPoint"",""coordinates"":[]}"
14_0_3,1.6727465986938501,classification_1999,11,Wetland,"{""type"":""MultiPoint"",""coordinates"":[]}"
14_0_4,0.540127947387696,classification_1999,12,"Grassland (Pastizal, Formación Herbácea)","{""type"":""MultiPoint"",""coordinates"":[]}"
14_0_5,119.52134109672987,classification_1999,15,Pasture,"{""type"":""MultiPoint"",""coordinates"":[]}"
14_0_6,82.82422186938828,classification_1999,20,Sugar Cane,"{""type"":""MultiPoint"",""coordinates"":[]}"
14_0_7,165.5711304054662,classification_1999,21,Mosaic of Agriculture and Pasture,"{""type"":""MultiPoint"",""coordinates"":[]}"
14_0_8,41.88611529772976,classification_1999,24,Urban Infrastructure,"{""type"":""MultiPoint"",""coordinates"":[]}"
14_0_9,1.5367228684692424,classification_1999,25,Other Non Vegetated Area,"{""type"":""MultiPoint"",""coordinates"":[]}"
14_0_10,1.0029305678100588,classification_1999,30,Mining,"{""type"":""MultiPoint"",""coordinates"":[]}"
14_0_11,3.0413016526489343,classification_1999,33,"River, Lake and Ocean","{""type"":""MultiPoint"",""coordinates"":[]}"
14_0_12,0.6181361395874025,classification_1999,41,Mosaic of Crops,"{""type"":""MultiPoint"",""coordinates"":[]}"
14_0_13,0.13174151361083963,classification_1999,46,Coffe,"{""type"":""MultiPoint"",""coordinates"":[]}"
14_0_14,1.270306720336917,classification_1999,47,Citrus,"{""type"":""MultiPoint"",""coordinates"":[]}"
15_0_0,69.91775311114269,classification_2000,3,Forest Formation,"{""type"":""MultiPoint"",""coordinates"":[]}"
15_0_1,4.826019301086468,classification_2000,4,Savanna Formation,"{""type"":""MultiPoint"",""coordinates"":[]}"
15_0_2,4.326702364624004,classification_2000,9,Forest Plantation,"{""type"":""MultiPoint"",""coordinates"":[]}"
15_0_3,1.6702634376831054,classification_2000,11,Wetland,"{""type"":""MultiPoint"",""coordinates"":[]}"
15_0_4,0.5276996292724623,classification_2000,12,"Grassland (Pastizal, Formación Herbácea)","{""type"":""MultiPoint"",""coordinates"":[]}"
15_0_5,120.38231885051314,classification_2000,15,Pasture,"{""type"":""MultiPoint"",""coordinates"":[]}"
15_0_6,83.64641150049111,classification_2000,20,Sugar Cane,"{""type"":""MultiPoint"",""coordinates"":[]}"
15_0_7,162.81776673182407,classification_2000,21,Mosaic of Agriculture and Pasture,"{""type"":""MultiPoint"",""coordinates"":[]}"
15_0_8,42.344782496522,classification_2000,24,Urban Infrastructure,"{""type"":""MultiPoint"",""coordinates"":[]}"
15_0_9,2.3731903092041016,classification_2000,25,Other Non Vegetated Area,"{""type"":""MultiPoint"",""coordinates"":[]}"
15_0_10,1.0517474464721663,classification_2000,30,Mining,"{""type"":""MultiPoint"",""coordinates"":[]}"
15_0_11,2.3540786891479497,classification_2000,33,"River, Lake and Ocean","{""type"":""MultiPoint"",""coordinates"":[]}"
15_0_12,0.0455770830078125,classification_2000,39,Soy Beans,"{""type"":""MultiPoint"",""coordinates"":[]}"
15_0_13,0.556017764038087,classification_2000,41,Mosaic of Crops,"{""type"":""MultiPoint"",""coordinates"":[]}"
15_0_14,0.135055755187988,classification_2000,46,Coffe,"{""type"":""MultiPoint"",""coordinates"":[]}"
15_0_15,1.4376881021728505,classification_2000,47,Citrus,"{""type"":""MultiPoint"",""coordinates"":[]}"
16_0_0,68.34886638781448,classification_2001,3,Forest Formation,"{""type"":""MultiPoint"",""coordinates"":[]}"
16_0_1,4.68103012945564,classification_2001,4,Savanna Formation,"{""type"":""MultiPoint"",""coordinates"":[]}"
16_0_2,4.3888421874389305,classification_2001,9,Forest Plantation,"{""type"":""MultiPoint"",""coordinates"":[]}"
16_0_3,1.6702590077514674,classification_2001,11,Wetland,"{""type"":""MultiPoint"",""coordinates"":[]}"
16_0_4,0.5658081228637709,classification_2001,12,"Grassland (Pastizal, Formación Herbácea)","{""type"":""MultiPoint"",""coordinates"":[]}"
16_0_5,120.51802638957636,classification_2001,15,Pasture,"{""type"":""MultiPoint"",""coordinates"":[]}"
16_0_6,84.53104271856829,classification_2001,20,Sugar Cane,"{""type"":""MultiPoint"",""coordinates"":[]}"
16_0_7,161.27348815608102,classification_2001,21,Mosaic of Agriculture and Pasture,"{""type"":""MultiPoint"",""coordinates"":[]}"
16_0_8,42.62220492230359,classification_2001,24,Urban Infrastructure,"{""type"":""MultiPoint"",""coordinates"":[]}"
16_0_9,2.544670573486324,classification_2001,25,Other Non Vegetated Area,"{""type"":""MultiPoint"",""coordinates"":[]}"
16_0_10,1.0658111110839823,classification_2001,30,Mining,"{""type"":""MultiPoint"",""coordinates"":[]}"
16_0_11,2.298527028625486,classification_2001,33,"River, Lake and Ocean","{""type"":""MultiPoint"",""coordinates"":[]}"
16_0_12,0.07706501507568354,classification_2001,39,Soy Beans,"{""type"":""MultiPoint"",""coordinates"":[]}"
16_0_13,0.6090301057739269,classification_2001,41,Mosaic of Crops,"{""type"":""MultiPoint"",""coordinates"":[]}"
16_0_14,0.135055755187988,classification_2001,46,Coffe,"{""type"":""MultiPoint"",""coordinates"":[]}"
16_0_15,3.083344961303716,classification_2001,47,Citrus,"{""type"":""MultiPoint"",""coordinates"":[]}"
17_0_0,68.83915900768812,classification_2002,3,Forest Formation,"{""type"":""MultiPoint"",""coordinates"":[]}"
17_0_1,4.633812489807182,classification_2002,4,Savanna Formation,"{""type"":""MultiPoint"",""coordinates"":[]}"
17_0_2,4.157003123962372,classification_2002,9,Forest Plantation,"{""type"":""MultiPoint"",""coordinates"":[]}"
17_0_3,1.6727432614746118,classification_2002,11,Wetland,"{""type"":""MultiPoint"",""coordinates"":[]}"
17_0_4,0.5525538970947276,classification_2002,12,"Grassland (Pastizal, Formación Herbácea)","{""type"":""MultiPoint"",""coordinates"":[]}"
17_0_5,118.06832364757847,classification_2002,15,Pasture,"{""type"":""MultiPoint"",""coordinates"":[]}"
17_0_6,88.76737191125761,classification_2002,20,Sugar Cane,"{""type"":""MultiPoint"",""coordinates"":[]}"
17_0_7,159.2052086284951,classification_2002,21,Mosaic of Agriculture and Pasture,"{""type"":""MultiPoint"",""coordinates"":[]}"
17_0_8,42.71578376049961,classification_2002,24,Urban Infrastructure,"{""type"":""MultiPoint"",""coordinates"":[]}"
17_0_9,2.6134602996826146,classification_2002,25,Other Non Vegetated Area,"{""type"":""MultiPoint"",""coordinates"":[]}"
17_0_10,1.05505970147705,classification_2002,30,Mining,"{""type"":""MultiPoint"",""coordinates"":[]}"
17_0_11,2.362335692443842,classification_2002,33,"River, Lake and Ocean","{""type"":""MultiPoint"",""coordinates"":[]}"
17_0_12,0.07126624749755857,classification_2002,39,Soy Beans,"{""type"":""MultiPoint"",""coordinates"":[]}"
17_0_13,0.5709034832153328,classification_2002,41,Mosaic of Crops,"{""type"":""MultiPoint"",""coordinates"":[]}"
17_0_14,0.046399822021484405,classification_2002,46,Coffe,"{""type"":""MultiPoint"",""coordinates"":[]}"
17_0_15,3.0816875982055714,classification_2002,47,Citrus,"{""type"":""MultiPoint"",""coordinates"":[]}"
18_0_0,68.34041794915555,classification_2003,3,Forest Formation,"{""type"":""MultiPoint"",""coordinates"":[]}"
18_0_1,4.666107859985425,classification_2003,4,Savanna Formation,"{""type"":""MultiPoint"",""coordinates"":[]}"
18_0_2,3.572359344116171,classification_2003,9,Forest Plantation,"{""type"":""MultiPoint"",""coordinates"":[]}"
18_0_3,1.6412618582763683,classification_2003,11,Wetland,"{""type"":""MultiPoint"",""coordinates"":[]}"
18_0_4,0.5219045042724615,classification_2003,12,"Grassland (Pastizal, Formación Herbácea)","{""type"":""MultiPoint"",""coordinates"":[]}"
18_0_5,116.54549174590365,classification_2003,15,Pasture,"{""type"":""MultiPoint"",""coordinates"":[]}"
18_0_6,88.60053314447288,classification_2003,20,Sugar Cane,"{""type"":""MultiPoint"",""coordinates"":[]}"
18_0_7,162.17865341962758,classification_2003,21,Mosaic of Agriculture and Pasture,"{""type"":""MultiPoint"",""coordinates"":[]}"
18_0_8,42.864837344667606,classification_2003,24,Urban Infrastructure,"{""type"":""MultiPoint"",""coordinates"":[]}"
18_0_9,2.3369683381347657,classification_2003,25,Other Non Vegetated Area,"{""type"":""MultiPoint"",""coordinates"":[]}"
18_0_10,1.0674720971069318,classification_2003,30,Mining,"{""type"":""MultiPoint"",""coordinates"":[]}"
18_0_11,2.387182597167965,classification_2003,33,"River, Lake and Ocean","{""type"":""MultiPoint"",""coordinates"":[]}"
18_0_12,0.02486342895507812,classification_2003,39,Soy Beans,"{""type"":""MultiPoint"",""coordinates"":[]}"
18_0_13,0.5311277896118171,classification_2003,41,Mosaic of Crops,"{""type"":""MultiPoint"",""coordinates"":[]}"
18_0_14,0.03065699053955078,classification_2003,46,Coffe,"{""type"":""MultiPoint"",""coordinates"":[]}"
18_0_15,3.1032341604003957,classification_2003,47,Citrus,"{""type"":""MultiPoint"",""coordinates"":[]}"
19_0_0,68.14435286871137,classification_2004,3,Forest Formation,"{""type"":""MultiPoint"",""coordinates"":[]}"
19_0_1,4.586562184448305,classification_2004,4,Savanna Formation,"{""type"":""MultiPoint"",""coordinates"":[]}"
19_0_2,3.256823197082498,classification_2004,9,Forest Plantation,"{""type"":""MultiPoint"",""coordinates"":[]}"
19_0_3,1.606464230102538,classification_2004,11,Wetland,"{""type"":""MultiPoint"",""coordinates"":[]}"
19_0_4,0.46806047479248,classification_2004,12,"Grassland (Pastizal, Formación Herbácea)","{""type"":""MultiPoint"",""coordinates"":[]}"
19_0_5,113.72208769396681,classification_2004,15,Pasture,"{""type"":""MultiPoint"",""coordinates"":[]}"
19_0_6,91.70052963800401,classification_2004,20,Sugar Cane,"{""type"":""MultiPoint"",""coordinates"":[]}"
19_0_7,161.43955868635166,classification_2004,21,Mosaic of Agriculture and Pasture,"{""type"":""MultiPoint"",""coordinates"":[]}"
19_0_8,43.22667409399627,classification_2004,24,Urban Infrastructure,"{""type"":""MultiPoint"",""coordinates"":[]}"
19_0_9,2.5565463724975626,classification_2004,25,Other Non Vegetated Area,"{""type"":""MultiPoint"",""coordinates"":[]}"
19_0_10,1.1427854982299774,classification_2004,30,Mining,"{""type"":""MultiPoint"",""coordinates"":[]}"
19_0_11,2.476610560058595,classification_2004,33,"River, Lake and Ocean","{""type"":""MultiPoint"",""coordinates"":[]}"
19_0_12,0.5269774191284189,classification_2004,41,Mosaic of Crops,"{""type"":""MultiPoint"",""coordinates"":[]}"
19_0_13,0.03065699053955078,classification_2004,46,Coffe,"{""type"":""MultiPoint"",""coordinates"":[]}"
19_0_14,3.5283826644897527,classification_2004,47,Citrus,"{""type"":""MultiPoint"",""coordinates"":[]}"
20_0_0,70.13224209570207,classification_2005,3,Forest Formation,"{""type"":""MultiPoint"",""coordinates"":[]}"
20_0_1,4.474700148986878,classification_2005,4,Savanna Formation,"{""type"":""MultiPoint"",""coordinates"":[]}"
20_0_2,3.1706992302245913,classification_2005,9,Forest Plantation,"{""type"":""MultiPoint"",""coordinates"":[]}"
20_0_3,1.5683513968505831,classification_2005,11,Wetland,"{""type"":""MultiPoint"",""coordinates"":[]}"
20_0_4,0.44735518359374943,classification_2005,12,"Grassland (Pastizal, Formación Herbácea)","{""type"":""MultiPoint"",""coordinates"":[]}"
20_0_5,110.23495992986442,classification_2005,15,Pasture,"{""type"":""MultiPoint"",""coordinates"":[]}"
20_0_6,90.35012309283746,classification_2005,20,Sugar Cane,"{""type"":""MultiPoint"",""coordinates"":[]}"
20_0_7,164.85558988502436,classification_2005,21,Mosaic of Agriculture and Pasture,"{""type"":""MultiPoint"",""coordinates"":[]}"
20_0_8,43.519811962344214,classification_2005,24,Urban Infrastructure,"{""type"":""MultiPoint"",""coordinates"":[]}"
20_0_9,2.6120439506225637,classification_2005,25,Other Non Vegetated Area,"{""type"":""MultiPoint"",""coordinates"":[]}"
20_0_10,1.3794719973754863,classification_2005,30,Mining,"{""type"":""MultiPoint"",""coordinates"":[]}"
20_0_11,2.4699489738769587,classification_2005,33,"River, Lake and Ocean","{""type"":""MultiPoint"",""coordinates"":[]}"
20_0_12,0.49715601782226665,classification_2005,41,Mosaic of Crops,"{""type"":""MultiPoint"",""coordinates"":[]}"
20_0_13,0.023200113525390625,classification_2005,46,Coffe,"{""type"":""MultiPoint"",""coordinates"":[]}"
20_0_14,2.6774185937500063,classification_2005,47,Citrus,"{""type"":""MultiPoint"",""coordinates"":[]}"
21_0_0,72.22442758190851,classification_2006,3,Forest Formation,"{""type"":""MultiPoint"",""coordinates"":[]}"
21_0_1,4.4589545164185145,classification_2006,4,Savanna Formation,"{""type"":""MultiPoint"",""coordinates"":[]}"
21_0_2,3.034895417907698,classification_2006,9,Forest Plantation,"{""type"":""MultiPoint"",""coordinates"":[]}"
21_0_3,1.565041957702635,classification_2006,11,Wetland,"{""type"":""MultiPoint"",""coordinates"":[]}"
21_0_4,0.42416360351562427,classification_2006,12,"Grassland (Pastizal, Formación Herbácea)","{""type"":""MultiPoint"",""coordinates"":[]}"
21_0_5,105.0577775794581,classification_2006,15,Pasture,"{""type"":""MultiPoint"",""coordinates"":[]}"
21_0_6,90.9641269660682,classification_2006,20,Sugar Cane,"{""type"":""MultiPoint"",""coordinates"":[]}"
21_0_7,168.62879504951408,classification_2006,21,Mosaic of Agriculture and Pasture,"{""type"":""MultiPoint"",""coordinates"":[]}"
21_0_8,43.78893098224131,classification_2006,24,Urban Infrastructure,"{""type"":""MultiPoint"",""coordinates"":[]}"
21_0_9,2.7742922355346753,classification_2006,25,Other Non Vegetated Area,"{""type"":""MultiPoint"",""coordinates"":[]}"
21_0_10,1.453134817199704,classification_2006,30,Mining,"{""type"":""MultiPoint"",""coordinates"":[]}"
21_0_11,2.488140161804198,classification_2006,33,"River, Lake and Ocean","{""type"":""MultiPoint"",""coordinates"":[]}"
21_0_12,0.009111863159179686,classification_2006,39,Soy Beans,"{""type"":""MultiPoint"",""coordinates"":[]}"
21_0_13,0.5336227457275403,classification_2006,41,Mosaic of Crops,"{""type"":""MultiPoint"",""coordinates"":[]}"
21_0_14,1.0076570942382819,classification_2006,47,Citrus,"{""type"":""MultiPoint"",""coordinates"":[]}"
22_0_0,71.43836149035542,classification_2007,3,Forest Formation,"{""type"":""MultiPoint"",""coordinates"":[]}"
22_0_1,4.6064064499512245,classification_2007,4,Savanna Formation,"{""type"":""MultiPoint"",""coordinates"":[]}"
22_0_2,2.951237082519515,classification_2007,9,Forest Plantation,"{""type"":""MultiPoint"",""coordinates"":[]}"
22_0_3,1.569183378356932,classification_2007,11,Wetland,"{""type"":""MultiPoint"",""coordinates"":[]}"
22_0_4,0.4349372039184565,classification_2007,12,"Grassland (Pastizal, Formación Herbácea)","{""type"":""MultiPoint"",""coordinates"":[]}"
22_0_5,101.04690383831169,classification_2007,15,Pasture,"{""type"":""MultiPoint"",""coordinates"":[]}"
22_0_6,95.17666867334486,classification_2007,20,Sugar Cane,"{""type"":""MultiPoint"",""coordinates"":[]}"
22_0_7,168.8959275147796,classification_2007,21,Mosaic of Agriculture and Pasture,"{""type"":""MultiPoint"",""coordinates"":[]}"
22_0_8,44.0845942261992,classification_2007,24,Urban Infrastructure,"{""type"":""MultiPoint"",""coordinates"":[]}"
22_0_9,2.6939643037109406,classification_2007,25,Other Non Vegetated Area,"{""type"":""MultiPoint"",""coordinates"":[]}"
22_0_10,1.4821000212402295,classification_2007,30,Mining,"{""type"":""MultiPoint"",""coordinates"":[]}"
22_0_11,2.5064372256469762,classification_2007,33,"River, Lake and Ocean","{""type"":""MultiPoint"",""coordinates"":[]}"
22_0_12,0.04308509350585935,classification_2007,39,Soy Beans,"{""type"":""MultiPoint"",""coordinates"":[]}"
22_0_13,0.5667726748046884,classification_2007,41,Mosaic of Crops,"{""type"":""MultiPoint"",""coordinates"":[]}"
22_0_14,0.9164933957519543,classification_2007,47,Citrus,"{""type"":""MultiPoint"",""coordinates"":[]}"
23_0_0,68.25823368707087,classification_2008,3,Forest Formation,"{""type"":""MultiPoint"",""coordinates"":[]}"
23_0_1,4.791105262817407,classification_2008,4,Savanna Formation,"{""type"":""MultiPoint"",""coordinates"":[]}"
23_0_2,2.852691011108382,classification_2008,9,Forest Plantation,"{""type"":""MultiPoint"",""coordinates"":[]}"
23_0_3,1.540188126586913,classification_2008,11,Wetland,"{""type"":""MultiPoint"",""coordinates"":[]}"
23_0_4,0.4498533107299801,classification_2008,12,"Grassland (Pastizal, Formación Herbácea)","{""type"":""MultiPoint"",""coordinates"":[]}"
23_0_5,95.94101379382116,classification_2008,15,Pasture,"{""type"":""MultiPoint"",""coordinates"":[]}"
23_0_6,104.32652702106111,classification_2008,20,Sugar Cane,"{""type"":""MultiPoint"",""coordinates"":[]}"
23_0_7,166.8640901607159,classification_2008,21,Mosaic of Agriculture and Pasture,"{""type"":""MultiPoint"",""coordinates"":[]}"
23_0_8,44.54755342389248,classification_2008,24,Urban Infrastructure,"{""type"":""MultiPoint"",""coordinates"":[]}"
23_0_9,2.8951400190429686,classification_2008,25,Other Non Vegetated Area,"{""type"":""MultiPoint"",""coordinates"":[]}"
23_0_10,1.8783992529907152,classification_2008,30,Mining,"{""type"":""MultiPoint"",""coordinates"":[]}"
23_0_11,2.535298617797851,classification_2008,33,"River, Lake and Ocean","{""type"":""MultiPoint"",""coordinates"":[]}"
23_0_12,0.0339732303466797,classification_2008,39,Soy Beans,"{""type"":""MultiPoint"",""coordinates"":[]}"
23_0_13,0.589142341918947,classification_2008,41,Mosaic of Crops,"{""type"":""MultiPoint"",""coordinates"":[]}"
23_0_14,0.9098633125000011,classification_2008,47,Citrus,"{""type"":""MultiPoint"",""coordinates"":[]}"
24_0_0,68.19046616815018,classification_2009,3,Forest Formation,"{""type"":""MultiPoint"",""coordinates"":[]}"
24_0_1,4.768739222900417,classification_2009,4,Savanna Formation,"{""type"":""MultiPoint"",""coordinates"":[]}"
24_0_2,2.812123612121572,classification_2009,9,Forest Plantation,"{""type"":""MultiPoint"",""coordinates"":[]}"
24_0_3,1.55012698699951,classification_2009,11,Wetland,"{""type"":""MultiPoint"",""coordinates"":[]}"
24_0_4,0.469738447021484,classification_2009,12,"Grassland (Pastizal, Formación Herbácea)","{""type"":""MultiPoint"",""coordinates"":[]}"
24_0_5,93.17213240521178,classification_2009,15,Pasture,"{""type"":""MultiPoint"",""coordinates"":[]}"
24_0_6,107.3525558815358,classification_2009,20,Sugar Cane,"{""type"":""MultiPoint"",""coordinates"":[]}"
24_0_7,165.3716417260759,classification_2009,21,Mosaic of Agriculture and Pasture,"{""type"":""MultiPoint"",""coordinates"":[]}"
24_0_8,44.89451234845292,classification_2009,24,Urban Infrastructure,"{""type"":""MultiPoint"",""coordinates"":[]}"
24_0_9,3.0872196098632747,classification_2009,25,Other Non Vegetated Area,"{""type"":""MultiPoint"",""coordinates"":[]}"
24_0_10,1.8726140953979424,classification_2009,30,Mining,"{""type"":""MultiPoint"",""coordinates"":[]}"
24_0_11,2.6495497808227517,classification_2009,33,"River, Lake and Ocean","{""type"":""MultiPoint"",""coordinates"":[]}"
24_0_12,0.5377652038574234,classification_2009,41,Mosaic of Crops,"{""type"":""MultiPoint"",""coordinates"":[]}"
24_0_13,1.6838870839843658,classification_2009,47,Citrus,"{""type"":""MultiPoint"",""coordinates"":[]}"
25_0_0,67.56307603191983,classification_2010,3,Forest Formation,"{""type"":""MultiPoint"",""coordinates"":[]}"
25_0_1,4.799400614440951,classification_2010,4,Savanna Formation,"{""type"":""MultiPoint"",""coordinates"":[]}"
25_0_2,2.813793426025378,classification_2010,9,Forest Plantation,"{""type"":""MultiPoint"",""coordinates"":[]}"
25_0_3,1.5600697290039047,classification_2010,11,Wetland,"{""type"":""MultiPoint"",""coordinates"":[]}"
25_0_4,0.46311024627685526,classification_2010,12,"Grassland (Pastizal, Formación Herbácea)","{""type"":""MultiPoint"",""coordinates"":[]}"
25_0_5,85.68468451946849,classification_2010,15,Pasture,"{""type"":""MultiPoint"",""coordinates"":[]}"
25_0_6,109.37325498151223,classification_2010,20,Sugar Cane,"{""type"":""MultiPoint"",""coordinates"":[]}"
25_0_7,170.89511520393216,classification_2010,21,Mosaic of Agriculture and Pasture,"{""type"":""MultiPoint"",""coordinates"":[]}"
25_0_8,45.191012890140215,classification_2010,24,Urban Infrastructure,"{""type"":""MultiPoint"",""coordinates"":[]}"
25_0_9,3.1965418016357328,classification_2010,25,Other Non Vegetated Area,"{""type"":""MultiPoint"",""coordinates"":[]}"
25_0_10,1.9280612662963807,classification_2010,30,Mining,"{""type"":""MultiPoint"",""coordinates"":[]}"
25_0_11,2.687658453857422,classification_2010,33,"River, Lake and Ocean","{""type"":""MultiPoint"",""coordinates"":[]}"
25_0_12,0.502965610717775,classification_2010,41,Mosaic of Crops,"{""type"":""MultiPoint"",""coordinates"":[]}"
25_0_13,1.7543277971801654,classification_2010,47,Citrus,"{""type"":""MultiPoint"",""coordinates"":[]}"
26_0_0,65.31844814678809,classification_2011,3,Forest Formation,"{""type"":""MultiPoint"",""coordinates"":[]}"
26_0_1,4.929476824462922,classification_2011,4,Savanna Formation,"{""type"":""MultiPoint"",""coordinates"":[]}"
26_0_2,2.8063463221435407,classification_2011,9,Forest Plantation,"{""type"":""MultiPoint"",""coordinates"":[]}"
26_0_3,1.5559273605346664,classification_2011,11,Wetland,"{""type"":""MultiPoint"",""coordinates"":[]}"
26_0_4,0.4904519033203122,classification_2011,12,"Grassland (Pastizal, Formación Herbácea)","{""type"":""MultiPoint"",""coordinates"":[]}"
26_0_5,78.92829395458834,classification_2011,15,Pasture,"{""type"":""MultiPoint"",""coordinates"":[]}"
26_0_6,108.39089974017837,classification_2011,20,Sugar Cane,"{""type"":""MultiPoint"",""coordinates"":[]}"
26_0_7,178.93333087964822,classification_2011,21,Mosaic of Agriculture and Pasture,"{""type"":""MultiPoint"",""coordinates"":[]}"
26_0_8,45.65388872461253,classification_2011,24,Urban Infrastructure,"{""type"":""MultiPoint"",""coordinates"":[]}"
26_0_9,2.9935671405639575,classification_2011,25,Other Non Vegetated Area,"{""type"":""MultiPoint"",""coordinates"":[]}"
26_0_10,1.9173102266235285,classification_2011,30,Mining,"{""type"":""MultiPoint"",""coordinates"":[]}"
26_0_11,2.7887077235107434,classification_2011,33,"River, Lake and Ocean","{""type"":""MultiPoint"",""coordinates"":[]}"
26_0_12,0.48059449737549,classification_2011,41,Mosaic of Crops,"{""type"":""MultiPoint"",""coordinates"":[]}"
26_0_13,3.225829128051761,classification_2011,47,Citrus,"{""type"":""MultiPoint"",""coordinates"":[]}"
27_0_0,67.49071099713133,classification_2012,3,Forest Formation,"{""type"":""MultiPoint"",""coordinates"":[]}"
27_0_1,4.988291972351127,classification_2012,4,Savanna Formation,"{""type"":""MultiPoint"",""coordinates"":[]}"
27_0_2,2.7815086550292825,classification_2012,9,Forest Plantation,"{""type"":""MultiPoint"",""coordinates"":[]}"
27_0_3,1.5476420449829087,classification_2012,11,Wetland,"{""type"":""MultiPoint"",""coordinates"":[]}"
27_0_4,0.481337216491699,classification_2012,12,"Grassland (Pastizal, Formación Herbácea)","{""type"":""MultiPoint"",""coordinates"":[]}"
27_0_5,71.56278261462315,classification_2012,15,Pasture,"{""type"":""MultiPoint"",""coordinates"":[]}"
27_0_6,109.17605946387249,classification_2012,20,Sugar Cane,"{""type"":""MultiPoint"",""coordinates"":[]}"
27_0_7,182.46290107167044,classification_2012,21,Mosaic of Agriculture and Pasture,"{""type"":""MultiPoint"",""coordinates"":[]}"
27_0_8,46.30386901056271,classification_2012,24,Urban Infrastructure,"{""type"":""MultiPoint"",""coordinates"":[]}"
27_0_9,3.4357341265258596,classification_2012,25,Other Non Vegetated Area,"{""type"":""MultiPoint"",""coordinates"":[]}"
27_0_10,1.6947528602294868,classification_2012,30,Mining,"{""type"":""MultiPoint"",""coordinates"":[]}"
27_0_11,2.9609566470947266,classification_2012,33,"River, Lake and Ocean","{""type"":""MultiPoint"",""coordinates"":[]}"
27_0_12,0.19550944476318366,classification_2012,41,Mosaic of Crops,"{""type"":""MultiPoint"",""coordinates"":[]}"
27_0_13,0.025672406249999995,classification_2012,46,Coffe,"{""type"":""MultiPoint"",""coordinates"":[]}"
27_0_14,3.270543862792967,classification_2012,47,Citrus,"{""type"":""MultiPoint"",""coordinates"":[]}"
27_0_15,0.03480017803955078,classification_2012,48,Other Perennial Crops,"{""type"":""MultiPoint"",""coordinates"":[]}"
28_0_0,68.16231815527382,classification_2013,3,Forest Formation,"{""type"":""MultiPoint"",""coordinates"":[]}"
28_0_1,5.033858245422421,classification_2013,4,Savanna Formation,"{""type"":""MultiPoint"",""coordinates"":[]}"
28_0_2,2.9953361145629747,classification_2013,9,Forest Plantation,"{""type"":""MultiPoint"",""coordinates"":[]}"
28_0_3,1.5426736912231434,classification_2013,11,Wetland,"{""type"":""MultiPoint"",""coordinates"":[]}"
28_0_4,0.47719728143310497,classification_2013,12,"Grassland (Pastizal, Formación Herbácea)","{""type"":""MultiPoint"",""coordinates"":[]}"
28_0_5,64.81025825537165,classification_2013,15,Pasture,"{""type"":""MultiPoint"",""coordinates"":[]}"
28_0_6,107.25545724286351,classification_2013,20,Sugar Cane,"{""type"":""MultiPoint"",""coordinates"":[]}"
28_0_7,187.6787662110042,classification_2013,21,Mosaic of Agriculture and Pasture,"{""type"":""MultiPoint"",""coordinates"":[]}"
28_0_8,46.555618976932756,classification_2013,24,Urban Infrastructure,"{""type"":""MultiPoint"",""coordinates"":[]}"
28_0_9,3.409147639526361,classification_2013,25,Other Non Vegetated Area,"{""type"":""MultiPoint"",""coordinates"":[]}"
28_0_10,1.7030297599487254,classification_2013,30,Mining,"{""type"":""MultiPoint"",""coordinates"":[]}"
28_0_11,2.864086620666505,classification_2013,33,"River, Lake and Ocean","{""type"":""MultiPoint"",""coordinates"":[]}"
28_0_12,0.257643746765137,classification_2013,41,Mosaic of Crops,"{""type"":""MultiPoint"",""coordinates"":[]}"
28_0_13,0.02815656231689452,classification_2013,46,Coffe,"{""type"":""MultiPoint"",""coordinates"":[]}"
28_0_14,5.5939524923095085,classification_2013,47,Citrus,"{""type"":""MultiPoint"",""coordinates"":[]}"
28_0_15,0.04557157678222659,classification_2013,48,Other Perennial Crops,"{""type"":""MultiPoint"",""coordinates"":[]}"
29_0_0,68.8424339034423,classification_2014,3,Forest Formation,"{""type"":""MultiPoint"",""coordinates"":[]}"
29_0_1,5.093510840454183,classification_2014,4,Savanna Formation,"{""type"":""MultiPoint"",""coordinates"":[]}"
29_0_2,3.3242430118408146,classification_2014,9,Forest Plantation,"{""type"":""MultiPoint"",""coordinates"":[]}"
29_0_3,1.528590343749997,classification_2014,11,Wetland,"{""type"":""MultiPoint"",""coordinates"":[]}"
29_0_4,0.451515247314453,classification_2014,12,"Grassland (Pastizal, Formación Herbácea)","{""type"":""MultiPoint"",""coordinates"":[]}"
29_0_5,60.37124892034904,classification_2014,15,Pasture,"{""type"":""MultiPoint"",""coordinates"":[]}"
29_0_6,113.72481575018958,classification_2014,20,Sugar Cane,"{""type"":""MultiPoint"",""coordinates"":[]}"
29_0_7,185.1232588264882,classification_2014,21,Mosaic of Agriculture and Pasture,"{""type"":""MultiPoint"",""coordinates"":[]}"
29_0_8,46.75847768463527,classification_2014,24,Urban Infrastructure,"{""type"":""MultiPoint"",""coordinates"":[]}"
29_0_9,3.3014258309326183,classification_2014,25,Other Non Vegetated Area,"{""type"":""MultiPoint"",""coordinates"":[]}"
29_0_10,1.6748900675048783,classification_2014,30,Mining,"{""type"":""MultiPoint"",""coordinates"":[]}"
29_0_11,2.876543759887696,classification_2014,33,"River, Lake and Ocean","{""type"":""MultiPoint"",""coordinates"":[]}"
29_0_12,0.11850644671630861,classification_2014,39,Soy Beans,"{""type"":""MultiPoint"",""coordinates"":[]}"
29_0_13,0.3587073446044918,classification_2014,41,Mosaic of Crops,"{""type"":""MultiPoint"",""coordinates"":[]}"
29_0_14,0.08365469250488274,classification_2014,46,Coffe,"{""type"":""MultiPoint"",""coordinates"":[]}"
29_0_15,4.718278644653237,classification_2014,47,Citrus,"{""type"":""MultiPoint"",""coordinates"":[]}"
29_0_16,0.06297125714111329,classification_2014,48,Other Perennial Crops,"{""type"":""MultiPoint"",""coordinates"":[]}"
30_0_0,69.5737476751706,classification_2015,3,Forest Formation,"{""type"":""MultiPoint"",""coordinates"":[]}"
30_0_1,5.446428290100165,classification_2015,4,Savanna Formation,"{""type"":""MultiPoint"",""coordinates"":[]}"
30_0_2,3.5173558867797867,classification_2015,9,Forest Plantation,"{""type"":""MultiPoint"",""coordinates"":[]}"
30_0_3,1.5269327942504853,classification_2015,11,Wetland,"{""type"":""MultiPoint"",""coordinates"":[]}"
30_0_4,0.48299597302246056,classification_2015,12,"Grassland (Pastizal, Formación Herbácea)","{""type"":""MultiPoint"",""coordinates"":[]}"
30_0_5,61.37737852630626,classification_2015,15,Pasture,"{""type"":""MultiPoint"",""coordinates"":[]}"
30_0_6,116.09223403290407,classification_2015,20,Sugar Cane,"{""type"":""MultiPoint"",""coordinates"":[]}"
30_0_7,178.94151472998482,classification_2015,21,Mosaic of Agriculture and Pasture,"{""type"":""MultiPoint"",""coordinates"":[]}"
30_0_8,47.07149818848,classification_2015,24,Urban Infrastructure,"{""type"":""MultiPoint"",""coordinates"":[]}"
30_0_9,3.794125797607406,classification_2015,25,Other Non Vegetated Area,"{""type"":""MultiPoint"",""coordinates"":[]}"
30_0_10,1.673218158264156,classification_2015,30,Mining,"{""type"":""MultiPoint"",""coordinates"":[]}"
30_0_11,2.8392879486694333,classification_2015,33,"River, Lake and Ocean","{""type"":""MultiPoint"",""coordinates"":[]}"
30_0_12,0.37700692694091753,classification_2015,39,Soy Beans,"{""type"":""MultiPoint"",""coordinates"":[]}"
30_0_13,0.11184337921142573,classification_2015,41,Mosaic of Crops,"{""type"":""MultiPoint"",""coordinates"":[]}"
30_0_14,0.08365469250488274,classification_2015,46,Coffe,"{""type"":""MultiPoint"",""coordinates"":[]}"
30_0_15,5.368798293639981,classification_2015,47,Citrus,"{""type"":""MultiPoint"",""coordinates"":[]}"
30_0_16,0.13505127856445318,classification_2015,48,Other Perennial Crops,"{""type"":""MultiPoint"",""coordinates"":[]}"
31_0_0,68.63953590588353,classification_2016,3,Forest Formation,"{""type"":""MultiPoint"",""coordinates"":[]}"
31_0_1,5.45636030847175,classification_2016,4,Savanna Formation,"{""type"":""MultiPoint"",""coordinates"":[]}"
31_0_2,3.619275820007328,classification_2016,9,Forest Plantation,"{""type"":""MultiPoint"",""coordinates"":[]}"
31_0_3,1.5095341201782202,classification_2016,11,Wetland,"{""type"":""MultiPoint"",""coordinates"":[]}"
31_0_4,0.4697407189331052,classification_2016,12,"Grassland (Pastizal, Formación Herbácea)","{""type"":""MultiPoint"",""coordinates"":[]}"
31_0_5,61.85083085363672,classification_2016,15,Pasture,"{""type"":""MultiPoint"",""coordinates"":[]}"
31_0_6,122.67568384155793,classification_2016,20,Sugar Cane,"{""type"":""MultiPoint"",""coordinates"":[]}"
31_0_7,170.59380334712006,classification_2016,21,Mosaic of Agriculture and Pasture,"{""type"":""MultiPoint"",""coordinates"":[]}"
31_0_8,47.19903136346798,classification_2016,24,Urban Infrastructure,"{""type"":""MultiPoint"",""coordinates"":[]}"
31_0_9,3.70466506329344,classification_2016,25,Other Non Vegetated Area,"{""type"":""MultiPoint"",""coordinates"":[]}"
31_0_10,1.5970886987915007,classification_2016,30,Mining,"{""type"":""MultiPoint"",""coordinates"":[]}"
31_0_11,2.834350979919437,classification_2016,33,"River, Lake and Ocean","{""type"":""MultiPoint"",""coordinates"":[]}"
31_0_12,0.4001877924804675,classification_2016,39,Soy Beans,"{""type"":""MultiPoint"",""coordinates"":[]}"
31_0_13,0.1765154350585937,classification_2016,41,Mosaic of Crops,"{""type"":""MultiPoint"",""coordinates"":[]}"
31_0_14,0.09110721887207028,classification_2016,46,Coffe,"{""type"":""MultiPoint"",""coordinates"":[]}"
31_0_15,7.46030982617163,classification_2016,47,Citrus,"{""type"":""MultiPoint"",""coordinates"":[]}"
31_0_16,0.13505127856445318,classification_2016,48,Other Perennial Crops,"{""type"":""MultiPoint"",""coordinates"":[]}"
32_0_0,68.60039394738783,classification_2017,3,Forest Formation,"{""type"":""MultiPoint"",""coordinates"":[]}"
32_0_1,5.549145943664619,classification_2017,4,Savanna Formation,"{""type"":""MultiPoint"",""coordinates"":[]}"
32_0_2,3.6979802722168005,classification_2017,9,Forest Plantation,"{""type"":""MultiPoint"",""coordinates"":[]}"
32_0_3,1.5037345943603497,classification_2017,11,Wetland,"{""type"":""MultiPoint"",""coordinates"":[]}"
32_0_4,0.5103358040161127,classification_2017,12,"Grassland (Pastizal, Formación Herbácea)","{""type"":""MultiPoint"",""coordinates"":[]}"
32_0_5,62.44050544079467,classification_2017,15,Pasture,"{""type"":""MultiPoint"",""coordinates"":[]}"
32_0_6,123.24309983661549,classification_2017,20,Sugar Cane,"{""type"":""MultiPoint"",""coordinates"":[]}"
32_0_7,169.20318218519785,classification_2017,21,Mosaic of Agriculture and Pasture,"{""type"":""MultiPoint"",""coordinates"":[]}"
32_0_8,47.481389295780126,classification_2017,24,Urban Infrastructure,"{""type"":""MultiPoint"",""coordinates"":[]}"
32_0_9,3.5581314364013528,classification_2017,25,Other Non Vegetated Area,"{""type"":""MultiPoint"",""coordinates"":[]}"
32_0_10,1.496968514648436,classification_2017,30,Mining,"{""type"":""MultiPoint"",""coordinates"":[]}"
32_0_11,2.902269246704109,classification_2017,33,"River, Lake and Ocean","{""type"":""MultiPoint"",""coordinates"":[]}"
32_0_12,0.4159492178344718,classification_2017,39,Soy Beans,"{""type"":""MultiPoint"",""coordinates"":[]}"
32_0_13,0.27266219171142586,classification_2017,41,Mosaic of Crops,"{""type"":""MultiPoint"",""coordinates"":[]}"
32_0_14,0.03974933624267577,classification_2017,46,Coffe,"{""type"":""MultiPoint"",""coordinates"":[]}"
32_0_15,7.224132610595433,classification_2017,47,Citrus,"{""type"":""MultiPoint"",""coordinates"":[]}"
32_0_16,0.27344269824218714,classification_2017,48,Other Perennial Crops,"{""type"":""MultiPoint"",""coordinates"":[]}"
33_0_0,67.74567624114992,classification_2018,3,Forest Formation,"{""type"":""MultiPoint"",""coordinates"":[]}"
33_0_1,5.770357195983959,classification_2018,4,Savanna Formation,"{""type"":""MultiPoint"",""coordinates"":[]}"
33_0_2,4.181660951232906,classification_2018,9,Forest Plantation,"{""type"":""MultiPoint"",""coordinates"":[]}"
33_0_3,1.506220202819822,classification_2018,11,Wetland,"{""type"":""MultiPoint"",""coordinates"":[]}"
33_0_4,0.5592162185058579,classification_2018,12,"Grassland (Pastizal, Formación Herbácea)","{""type"":""MultiPoint"",""coordinates"":[]}"
33_0_5,64.01351955139017,classification_2018,15,Pasture,"{""type"":""MultiPoint"",""coordinates"":[]}"
33_0_6,123.60809214807729,classification_2018,20,Sugar Cane,"{""type"":""MultiPoint"",""coordinates"":[]}"
33_0_7,169.26990408503582,classification_2018,21,Mosaic of Agriculture and Pasture,"{""type"":""MultiPoint"",""coordinates"":[]}"
33_0_8,47.56171728009414,classification_2018,24,Urban Infrastructure,"{""type"":""MultiPoint"",""coordinates"":[]}"
33_0_9,3.469653562927227,classification_2018,25,Other Non Vegetated Area,"{""type"":""MultiPoint"",""coordinates"":[]}"
33_0_10,1.3819515137329066,classification_2018,30,Mining,"{""type"":""MultiPoint"",""coordinates"":[]}"
33_0_11,2.760686504943854,classification_2018,33,"River, Lake and Ocean","{""type"":""MultiPoint"",""coordinates"":[]}"
33_0_12,0.40600468963622954,classification_2018,39,Soy Beans,"{""type"":""MultiPoint"",""coordinates"":[]}"
33_0_13,0.27101158239746104,classification_2018,41,Mosaic of Crops,"{""type"":""MultiPoint"",""coordinates"":[]}"
33_0_14,0.014079747009277345,classification_2018,46,Coffe,"{""type"":""MultiPoint"",""coordinates"":[]}"
33_0_15,5.6207069057005095,classification_2018,47,Citrus,"{""type"":""MultiPoint"",""coordinates"":[]}"
33_0_16,0.2726141917724606,classification_2018,48,Other Perennial Crops,"{""type"":""MultiPoint"",""coordinates"":[]}"
34_0_0,67.65945505035403,classification_2019,3,Forest Formation,"{""type"":""MultiPoint"",""coordinates"":[]}"
34_0_1,5.679250342834527,classification_2019,4,Savanna Formation,"{""type"":""MultiPoint"",""coordinates"":[]}"
34_0_2,4.396179371459945,classification_2019,9,Forest Plantation,"{""type"":""MultiPoint"",""coordinates"":[]}"
34_0_3,1.5103619261474583,classification_2019,11,Wetland,"{""type"":""MultiPoint"",""coordinates"":[]}"
34_0_4,0.5732997313232401,classification_2019,12,"Grassland (Pastizal, Formación Herbácea)","{""type"":""MultiPoint"",""coordinates"":[]}"
34_0_5,66.35574795367349,classification_2019,15,Pasture,"{""type"":""MultiPoint"",""coordinates"":[]}"
34_0_6,125.87645213086574,classification_2019,20,Sugar Cane,"{""type"":""MultiPoint"",""coordinates"":[]}"
34_0_7,166.1067906191515,classification_2019,21,Mosaic of Agriculture and Pasture,"{""type"":""MultiPoint"",""coordinates"":[]}"
34_0_8,47.58076540338512,classification_2019,24,Urban Infrastructure,"{""type"":""MultiPoint"",""coordinates"":[]}"
34_0_9,3.338964925048818,classification_2019,25,Other Non Vegetated Area,"{""type"":""MultiPoint"",""coordinates"":[]}"
34_0_10,1.3471957282714808,classification_2019,30,Mining,"{""type"":""MultiPoint"",""coordinates"":[]}"
34_0_11,2.7432876967163122,classification_2019,33,"River, Lake and Ocean","{""type"":""MultiPoint"",""coordinates"":[]}"
34_0_12,0.5924911488037095,classification_2019,39,Soy Beans,"{""type"":""MultiPoint"",""coordinates"":[]}"
34_0_13,0.17237909466552742,classification_2019,41,Mosaic of Crops,"{""type"":""MultiPoint"",""coordinates"":[]}"
34_0_14,0.06626427337646484,classification_2019,46,Coffe,"{""type"":""MultiPoint"",""coordinates"":[]}"
34_0_15,4.139915959167484,classification_2019,47,Citrus,"{""type"":""MultiPoint"",""coordinates"":[]}"
34_0_16,0.27427121716308567,classification_2019,48,Other Perennial Crops,"{""type"":""MultiPoint"",""coordinates"":[]}"
35_0_0,66.17322379644777,classification_2020,3,Forest Formation,"{""type"":""MultiPoint"",""coordinates"":[]}"
35_0_1,5.503622511535697,classification_2020,4,Savanna Formation,"{""type"":""MultiPoint"",""coordinates"":[]}"
35_0_2,4.401979598022443,classification_2020,9,Forest Plantation,"{""type"":""MultiPoint"",""coordinates"":[]}"
35_0_3,1.5169886536865205,classification_2020,11,Wetland,"{""type"":""MultiPoint"",""coordinates"":[]}"
35_0_4,0.6279753634643547,classification_2020,12,"Grassland (Pastizal, Formación Herbácea)","{""type"":""MultiPoint"",""coordinates"":[]}"
35_0_5,66.8660806884147,classification_2020,15,Pasture,"{""type"":""MultiPoint"",""coordinates"":[]}"
35_0_6,125.83334700379042,classification_2020,20,Sugar Cane,"{""type"":""MultiPoint"",""coordinates"":[]}"
35_0_7,166.99439619257956,classification_2020,21,Mosaic of Agriculture and Pasture,"{""type"":""MultiPoint"",""coordinates"":[]}"
35_0_8,47.86727331018405,classification_2020,24,Urban Infrastructure,"{""type"":""MultiPoint"",""coordinates"":[]}"
35_0_9,2.6624119761352496,classification_2020,25,Other Non Vegetated Area,"{""type"":""MultiPoint"",""coordinates"":[]}"
35_0_10,1.348851754028317,classification_2020,30,Mining,"{""type"":""MultiPoint"",""coordinates"":[]}"
35_0_11,2.572753421386727,classification_2020,33,"River, Lake and Ocean","{""type"":""MultiPoint"",""coordinates"":[]}"
35_0_12,1.1104966016235354,classification_2020,39,Soy Beans,"{""type"":""MultiPoint"",""coordinates"":[]}"
35_0_13,0.08203502331542975,classification_2020,41,Mosaic of Crops,"{""type"":""MultiPoint"",""coordinates"":[]}"
35_0_14,0.06709275323486329,classification_2020,46,Coffe,"{""type"":""MultiPoint"",""coordinates"":[]}"
35_0_15,4.559157352844239,classification_2020,47,Citrus,"{""type"":""MultiPoint"",""coordinates"":[]}"
35_0_16,0.22538657171630838,classification_2020,48,Other Perennial Crops,"{""type"":""MultiPoint"",""coordinates"":[]}"
